Comando,IDProduto
E,5904979
E,5904531
E,5904533
E,5904534
E,5904532
E,5897262
E,5897260
E,5897261
E,5897259
E,5904987
E,5906473
E,5922262
E,5897264
E,5897263
E,5897265
E,5904971
E,5904973
E,5906032
E,5906033
E,5906034
E,5906020
E,5906518
E,5906519
E,5897292
E,5907061
E,5907062
E,5907063
E,5907059
E,5906530
E,5906529
E,5906302
E,5905871
E,5905870
E,5905869
E,5906480
E,5906505
E,5906497
E,5905874
E,5904547
E,5907064
E,5904096
E,5904097
E,5897243
E,5897244
E,5897245
E,5897242
E,5897241
E,5901464
E,5897555
E,5901473
E,5906301
E,5901484
E,5901482
E,5861835
E,5901507
E,5896173
E,5897541
E,5897704
E,5897705
E,5866868
E,5897706
E,5897707
E,5897708
E,5897709
E,5897573
E,5897740
E,5897668
E,5897669
E,5896206
E,5897670
E,5901483
E,5897696
E,5897714
E,5897697
E,5897698
E,5922634
E,5897741
E,5897556
E,5897744
E,5901489
E,5897699
E,5897665
E,5897504
E,5897745
E,5897682
E,5896207
E,5897746
E,5897747
E,5897748
E,5897742
E,5897749
E,5897553
E,5897557
E,5897554
E,5897710
E,5861836
E,5897592
E,5897593
E,5897594
E,5897595
E,5897711
E,5897712
E,5897605
E,5897666
E,5897614
E,5897606
E,5897607
E,5861840
E,5897743
E,5897701
E,5861838
E,5897672
E,5896194
E,5897673
E,5897674
E,5897675
E,5897750
E,5896203
E,5861837
E,5897702
E,5897703
E,5897751
E,5897752
E,5906038
E,5906039
E,5906040
E,5906041
E,5906022
E,5906008
E,5906006
E,5906007
E,5905998
E,5906023
E,5904497
E,5906479
E,5906481
E,5904536
E,5897539
E,5901474
E,5901475
E,5901476
E,5897753
E,5904530
E,5904535
E,5896154
E,5901487
E,5901508
E,5901479
E,5901470
E,5896155
E,5896201
E,5897559
E,5897527
E,5897577
E,5897526
E,5901486
E,5901490
E,5896200
E,5896181
E,5897525
E,5897538
E,5901478
E,5896166
E,5896177
E,5896153
E,5897506
E,5897558
E,5896160
E,5897658
E,5897657
E,5897720
E,5897684
E,5897685
E,5897659
E,5901500
E,5897716
E,5897717
E,5897718
E,5897660
E,5897661
E,5897663
E,5897662
